{
  "providers": {
    "awscloudformation": {
      "AuthRoleName": "amplify-healthsystem-dev-212451-authRole",
      "UnauthRoleArn": "arn:aws:iam::558099092121:role/amplify-healthsystem-dev-212451-unauthRole",
      "AuthRoleArn": "arn:aws:iam::558099092121:role/amplify-healthsystem-dev-212451-authRole",
      "Region": "eu-west-1",
      "DeploymentBucketName": "amplify-healthsystem-dev-212451-deployment",
      "UnauthRoleName": "amplify-healthsystem-dev-212451-unauthRole",
      "StackName": "amplify-healthsystem-dev-212451",
      "StackId": "arn:aws:cloudformation:eu-west-1:558099092121:stack/amplify-healthsystem-dev-212451/30b71650-b25a-11ee-bf9d-0a3821aa3d27",
      "AmplifyAppId": "d3mszj6ixlalqt"
    }
  },
  "api": {
    "AppointmentsHandler": {
      "dependsOn": [
        {
          "attributes": [
            "Name",
            "Arn"
          ],
          "category": "function",
          "resourceName": "AppointmentFunction"
        }
      ],
      "providerPlugin": "awscloudformation",
      "service": "API Gateway",
      "output": {
        "ApiName": "AppointmentsHandler",
        "RootUrl": "https://ln32fuhqwj.execute-api.eu-west-1.amazonaws.com/dev",
        "ApiId": "ln32fuhqwj"
      },
      "lastPushTimeStamp": "2024-02-19T12:39:07.771Z",
      "providerMetadata": {
        "s3TemplateURL": "https://s3.amazonaws.com/amplify-healthsystem-dev-212451-deployment/amplify-cfn-templates/api/AppointmentsHandler-cloudformation-template.json",
        "logicalId": "apiAppointmentsHandler"
      },
      "lastPushDirHash": "gONS/xcxt1hHVaP2QW+lg0koKxI="
    },
    "CleaningOrderHandler": {
      "dependsOn": [
        {
          "attributes": [
            "Name",
            "Arn"
          ],
          "category": "function",
          "resourceName": "CleaningOrderFunction"
        }
      ],
      "providerPlugin": "awscloudformation",
      "service": "API Gateway",
      "output": {
        "ApiName": "CleaningOrderHandler",
        "RootUrl": "https://b69e7mu0fi.execute-api.eu-west-1.amazonaws.com/dev",
        "ApiId": "b69e7mu0fi"
      },
      "lastPushTimeStamp": "2024-02-19T12:39:07.771Z",
      "providerMetadata": {
        "s3TemplateURL": "https://s3.amazonaws.com/amplify-healthsystem-dev-212451-deployment/amplify-cfn-templates/api/CleaningOrderHandler-cloudformation-template.json",
        "logicalId": "apiCleaningOrderHandler"
      },
      "lastPushDirHash": "rgu1ey2pVMhR96y8zEXZiWjgL9Y="
    },
    "PatientHandler": {
      "dependsOn": [
        {
          "attributes": [
            "Name",
            "Arn"
          ],
          "category": "function",
          "resourceName": "PatientFunction"
        }
      ],
      "providerPlugin": "awscloudformation",
      "service": "API Gateway",
      "output": {
        "ApiName": "PatientHandler",
        "RootUrl": "https://6n0hkbk3yd.execute-api.eu-west-1.amazonaws.com/dev",
        "ApiId": "6n0hkbk3yd"
      },
      "lastPushTimeStamp": "2024-02-19T12:39:07.771Z",
      "providerMetadata": {
        "s3TemplateURL": "https://s3.amazonaws.com/amplify-healthsystem-dev-212451-deployment/amplify-cfn-templates/api/PatientHandler-cloudformation-template.json",
        "logicalId": "apiPatientHandler"
      },
      "lastPushDirHash": "gPVeMTFnlHWYVK+N9JgEekvWHvQ="
    },
    "PermissionHandler": {
      "dependsOn": [
        {
          "attributes": [
            "Name",
            "Arn"
          ],
          "category": "function",
          "resourceName": "PermissionFunction"
        }
      ],
      "providerPlugin": "awscloudformation",
      "service": "API Gateway",
      "output": {
        "ApiName": "PermissionHandler",
        "RootUrl": "https://8221ykh9h8.execute-api.eu-west-1.amazonaws.com/dev",
        "ApiId": "8221ykh9h8"
      },
      "lastPushTimeStamp": "2024-02-19T12:39:07.771Z",
      "providerMetadata": {
        "s3TemplateURL": "https://s3.amazonaws.com/amplify-healthsystem-dev-212451-deployment/amplify-cfn-templates/api/PermissionHandler-cloudformation-template.json",
        "logicalId": "apiPermissionHandler"
      },
      "lastPushDirHash": "juWOvYIz11zOGRL5QuJb5tJZp5Q="
    },
    "RoomHandler": {
      "dependsOn": [
        {
          "category": "function",
          "resourceName": "RoomFunction",
          "attributes": [
            "Name",
            "Arn"
          ]
        }
      ],
      "providerPlugin": "awscloudformation",
      "service": "API Gateway",
      "output": {
        "ApiName": "RoomHandler",
        "RootUrl": "https://n2qne5q5ee.execute-api.eu-west-1.amazonaws.com/dev",
        "ApiId": "n2qne5q5ee"
      },
      "lastPushTimeStamp": "2024-02-19T12:39:07.771Z",
      "providerMetadata": {
        "s3TemplateURL": "https://s3.amazonaws.com/amplify-healthsystem-dev-212451-deployment/amplify-cfn-templates/api/RoomHandler-cloudformation-template.json",
        "logicalId": "apiRoomHandler"
      },
      "lastPushDirHash": "FFu2Of9Pv7qxFCxynMCJiWXPqRU="
    },
    "ScheduleItemHandler": {
      "dependsOn": [
        {
          "attributes": [
            "Name",
            "Arn"
          ],
          "category": "function",
          "resourceName": "ScheduleItemFunction"
        }
      ],
      "providerPlugin": "awscloudformation",
      "service": "API Gateway",
      "output": {
        "ApiName": "ScheduleItemHandler",
        "RootUrl": "https://jm8hzvvtl5.execute-api.eu-west-1.amazonaws.com/dev",
        "ApiId": "jm8hzvvtl5"
      },
      "lastPushTimeStamp": "2024-02-19T12:39:07.771Z",
      "providerMetadata": {
        "s3TemplateURL": "https://s3.amazonaws.com/amplify-healthsystem-dev-212451-deployment/amplify-cfn-templates/api/ScheduleItemHandler-cloudformation-template.json",
        "logicalId": "apiScheduleItemHandler"
      },
      "lastPushDirHash": "6SX0XvRnInj2zO6MXZAHUdmcu94="
    },
    "ShiftsHandler": {
      "dependsOn": [
        {
          "attributes": [
            "Name",
            "Arn"
          ],
          "category": "function",
          "resourceName": "ShiftsFunction"
        }
      ],
      "providerPlugin": "awscloudformation",
      "service": "API Gateway",
      "output": {
        "ApiName": "ShiftsHandler",
        "RootUrl": "https://rwsi6x47jc.execute-api.eu-west-1.amazonaws.com/dev",
        "ApiId": "rwsi6x47jc"
      },
      "lastPushTimeStamp": "2024-02-19T12:39:07.771Z",
      "providerMetadata": {
        "s3TemplateURL": "https://s3.amazonaws.com/amplify-healthsystem-dev-212451-deployment/amplify-cfn-templates/api/ShiftsHandler-cloudformation-template.json",
        "logicalId": "apiShiftsHandler"
      },
      "lastPushDirHash": "X2kXCxwNWl1my16pQR2vb4SOsZo="
    },
    "StaffHandler": {
      "dependsOn": [
        {
          "attributes": [
            "Name",
            "Arn"
          ],
          "category": "function",
          "resourceName": "StaffFunction"
        }
      ],
      "providerPlugin": "awscloudformation",
      "service": "API Gateway",
      "output": {
        "ApiName": "StaffHandler",
        "RootUrl": "https://ulclgazym9.execute-api.eu-west-1.amazonaws.com/dev",
        "ApiId": "ulclgazym9"
      },
      "lastPushTimeStamp": "2024-02-19T12:39:07.771Z",
      "providerMetadata": {
        "s3TemplateURL": "https://s3.amazonaws.com/amplify-healthsystem-dev-212451-deployment/amplify-cfn-templates/api/StaffHandler-cloudformation-template.json",
        "logicalId": "apiStaffHandler"
      },
      "lastPushDirHash": "IQg2fWU3Ql0wrxYPXil/nxM+US0="
    },
    "TreatmentCategoryHandler": {
      "dependsOn": [
        {
          "attributes": [
            "Name",
            "Arn"
          ],
          "category": "function",
          "resourceName": "TreatmentCategoryFunction"
        }
      ],
      "providerPlugin": "awscloudformation",
      "service": "API Gateway",
      "output": {
        "ApiName": "TreatmentCategoryHandler",
        "RootUrl": "https://rarzb91k3h.execute-api.eu-west-1.amazonaws.com/dev",
        "ApiId": "rarzb91k3h"
      },
      "lastPushTimeStamp": "2024-02-19T12:39:07.771Z",
      "providerMetadata": {
        "s3TemplateURL": "https://s3.amazonaws.com/amplify-healthsystem-dev-212451-deployment/amplify-cfn-templates/api/TreatmentCategoryHandler-cloudformation-template.json",
        "logicalId": "apiTreatmentCategoryHandler"
      },
      "lastPushDirHash": "I7wNf0AfjwPG6ci+f7QcllapUEM="
    },
    "TreatmentHandler": {
      "dependsOn": [
        {
          "attributes": [
            "Name",
            "Arn"
          ],
          "category": "function",
          "resourceName": "TreatmentFunction"
        }
      ],
      "providerPlugin": "awscloudformation",
      "service": "API Gateway",
      "output": {
        "ApiName": "TreatmentHandler",
        "RootUrl": "https://xvkgus99hc.execute-api.eu-west-1.amazonaws.com/dev",
        "ApiId": "xvkgus99hc"
      },
      "lastPushTimeStamp": "2024-02-19T12:39:07.771Z",
      "providerMetadata": {
        "s3TemplateURL": "https://s3.amazonaws.com/amplify-healthsystem-dev-212451-deployment/amplify-cfn-templates/api/TreatmentHandler-cloudformation-template.json",
        "logicalId": "apiTreatmentHandler"
      },
      "lastPushDirHash": "cnaFNCW7Q7ZZWwpnnhtM5St+agc="
    },
    "WardHandler": {
      "dependsOn": [
        {
          "attributes": [
            "Name",
            "Arn"
          ],
          "category": "function",
          "resourceName": "WardFunction"
        }
      ],
      "providerPlugin": "awscloudformation",
      "service": "API Gateway",
      "output": {
        "ApiName": "WardHandler",
        "RootUrl": "https://k741jp6b4b.execute-api.eu-west-1.amazonaws.com/dev",
        "ApiId": "k741jp6b4b"
      },
      "lastPushTimeStamp": "2024-02-19T12:39:07.771Z",
      "providerMetadata": {
        "s3TemplateURL": "https://s3.amazonaws.com/amplify-healthsystem-dev-212451-deployment/amplify-cfn-templates/api/WardHandler-cloudformation-template.json",
        "logicalId": "apiWardHandler"
      },
      "lastPushDirHash": "XOlcbW556hs14YyKlgeKi35TMbE="
    },
    "WardOrderHandler": {
      "dependsOn": [
        {
          "attributes": [
            "Name",
            "Arn"
          ],
          "category": "function",
          "resourceName": "WardOrderFunction"
        }
      ],
      "providerPlugin": "awscloudformation",
      "service": "API Gateway",
      "output": {
        "ApiName": "WardOrderHandler",
        "RootUrl": "https://2fpia3nqt7.execute-api.eu-west-1.amazonaws.com/dev",
        "ApiId": "2fpia3nqt7"
      },
      "lastPushTimeStamp": "2024-02-19T12:39:07.771Z",
      "providerMetadata": {
        "s3TemplateURL": "https://s3.amazonaws.com/amplify-healthsystem-dev-212451-deployment/amplify-cfn-templates/api/WardOrderHandler-cloudformation-template.json",
        "logicalId": "apiWardOrderHandler"
      },
      "lastPushDirHash": "ysllzSI8El5c/THzlqPtz8lySh0="
    },
    "BuildingHandler": {
      "service": "API Gateway",
      "providerPlugin": "awscloudformation",
      "dependsOn": [
        {
          "category": "function",
          "resourceName": "BuildingFunction",
          "attributes": [
            "Name",
            "Arn"
          ]
        }
      ],
      "providerMetadata": {
        "s3TemplateURL": "https://s3.amazonaws.com/amplify-healthsystem-dev-212451-deployment/amplify-cfn-templates/api/BuildingHandler-cloudformation-template.json",
        "logicalId": "apiBuildingHandler"
      },
      "lastPushTimeStamp": "2024-02-19T12:39:07.771Z",
      "output": {
        "ApiName": "BuildingHandler",
        "RootUrl": "https://5zq5zgnaui.execute-api.eu-west-1.amazonaws.com/dev",
        "ApiId": "5zq5zgnaui"
      },
      "lastPushDirHash": "zHciA5QkYp4DOH9jcbHFZXrOU4o="
    }
  },
  "function": {
    "AppointmentFunction": {
      "build": true,
      "providerPlugin": "awscloudformation",
      "service": "Lambda",
      "output": {
        "LambdaExecutionRoleArn": "arn:aws:iam::558099092121:role/healthsystemLambdaRole03c60df2-dev",
        "Region": "eu-west-1",
        "Arn": "arn:aws:lambda:eu-west-1:558099092121:function:AppointmentFunction-dev",
        "Name": "AppointmentFunction-dev",
        "LambdaExecutionRole": "healthsystemLambdaRole03c60df2-dev"
      },
      "lastPushTimeStamp": "2024-02-19T12:39:07.771Z",
      "providerMetadata": {
        "s3TemplateURL": "https://s3.amazonaws.com/amplify-healthsystem-dev-212451-deployment/amplify-cfn-templates/function/AppointmentFunction-cloudformation-template.json",
        "logicalId": "functionAppointmentFunction"
      },
      "s3Bucket": {
        "deploymentBucketName": "amplify-healthsystem-dev-212451-deployment",
        "s3Key": "amplify-builds/AppointmentFunction-796b5547654535594445-build.zip"
      },
      "lastBuildTimeStamp": "2024-02-19T12:26:21.409Z",
      "lastBuildType": "PROD",
      "lastPackageTimeStamp": "2024-02-19T12:27:22.745Z",
      "distZipFilename": "AppointmentFunction-796b5547654535594445-build.zip",
      "lastPushDirHash": "hfoHLz0NopHk4XzZR2Kk/9Yg6SM="
    },
    "CleaningOrderFunction": {
      "build": true,
      "providerPlugin": "awscloudformation",
      "service": "Lambda",
      "output": {
        "LambdaExecutionRoleArn": "arn:aws:iam::558099092121:role/healthsystemLambdaRolee3ad5810-dev",
        "Region": "eu-west-1",
        "Arn": "arn:aws:lambda:eu-west-1:558099092121:function:CleaningOrderFunction-dev",
        "Name": "CleaningOrderFunction-dev",
        "LambdaExecutionRole": "healthsystemLambdaRolee3ad5810-dev"
      },
      "lastPushTimeStamp": "2024-02-19T12:39:07.771Z",
      "providerMetadata": {
        "s3TemplateURL": "https://s3.amazonaws.com/amplify-healthsystem-dev-212451-deployment/amplify-cfn-templates/function/CleaningOrderFunction-cloudformation-template.json",
        "logicalId": "functionCleaningOrderFunction"
      },
      "s3Bucket": {
        "deploymentBucketName": "amplify-healthsystem-dev-212451-deployment",
        "s3Key": "amplify-builds/CleaningOrderFunction-6765554b45353761624d-build.zip"
      },
      "lastBuildTimeStamp": "2024-02-19T12:27:47.218Z",
      "lastBuildType": "PROD",
      "lastPackageTimeStamp": "2024-02-19T12:28:07.049Z",
      "distZipFilename": "CleaningOrderFunction-6765554b45353761624d-build.zip",
      "lastPushDirHash": "2ZUnt/aeuEgX8Hhop1KoMowU2tQ="
    },
    "PatientFunction": {
      "build": true,
      "providerPlugin": "awscloudformation",
      "service": "Lambda",
      "output": {
        "LambdaExecutionRoleArn": "arn:aws:iam::558099092121:role/healthsystemLambdaRolec30bc8d5-dev",
        "Region": "eu-west-1",
        "Arn": "arn:aws:lambda:eu-west-1:558099092121:function:PatientFunction-dev",
        "Name": "PatientFunction-dev",
        "LambdaExecutionRole": "healthsystemLambdaRolec30bc8d5-dev"
      },
      "lastPushTimeStamp": "2024-02-19T12:39:07.771Z",
      "providerMetadata": {
        "s3TemplateURL": "https://s3.amazonaws.com/amplify-healthsystem-dev-212451-deployment/amplify-cfn-templates/function/PatientFunction-cloudformation-template.json",
        "logicalId": "functionPatientFunction"
      },
      "s3Bucket": {
        "deploymentBucketName": "amplify-healthsystem-dev-212451-deployment",
        "s3Key": "amplify-builds/PatientFunction-78585038747152552b6c-build.zip"
      },
      "lastBuildTimeStamp": "2024-02-19T12:28:15.164Z",
      "lastBuildType": "PROD",
      "lastPackageTimeStamp": "2024-02-19T12:28:44.492Z",
      "distZipFilename": "PatientFunction-78585038747152552b6c-build.zip",
      "lastPushDirHash": "wclaGNpnMZQqolIH285TzytyII4="
    },
    "PermissionFunction": {
      "build": true,
      "providerPlugin": "awscloudformation",
      "service": "Lambda",
      "output": {
        "LambdaExecutionRoleArn": "arn:aws:iam::558099092121:role/healthsystemLambdaRolece1bcbe3-dev",
        "Region": "eu-west-1",
        "Arn": "arn:aws:lambda:eu-west-1:558099092121:function:PermissionFunction-dev",
        "Name": "PermissionFunction-dev",
        "LambdaExecutionRole": "healthsystemLambdaRolece1bcbe3-dev"
      },
      "lastPushTimeStamp": "2024-02-19T12:39:07.771Z",
      "providerMetadata": {
        "s3TemplateURL": "https://s3.amazonaws.com/amplify-healthsystem-dev-212451-deployment/amplify-cfn-templates/function/PermissionFunction-cloudformation-template.json",
        "logicalId": "functionPermissionFunction"
      },
      "s3Bucket": {
        "deploymentBucketName": "amplify-healthsystem-dev-212451-deployment",
        "s3Key": "amplify-builds/PermissionFunction-465a4f39327468706f50-build.zip"
      },
      "lastBuildTimeStamp": "2024-02-19T12:29:03.740Z",
      "lastBuildType": "PROD",
      "lastPackageTimeStamp": "2024-02-19T12:29:19.789Z",
      "distZipFilename": "PermissionFunction-465a4f39327468706f50-build.zip",
      "lastPushDirHash": "nAIqpk3twC5+hC7p22JB5dvrO6w="
    },
    "RoomFunction": {
      "build": true,
      "providerPlugin": "awscloudformation",
      "service": "Lambda",
      "output": {
        "LambdaExecutionRoleArn": "arn:aws:iam::558099092121:role/healthsystemLambdaRole112068a4-dev",
        "Region": "eu-west-1",
        "Arn": "arn:aws:lambda:eu-west-1:558099092121:function:RoomFunction-dev",
        "Name": "RoomFunction-dev",
        "LambdaExecutionRole": "healthsystemLambdaRole112068a4-dev"
      },
      "lastPushTimeStamp": "2024-02-19T12:39:07.771Z",
      "providerMetadata": {
        "s3TemplateURL": "https://s3.amazonaws.com/amplify-healthsystem-dev-212451-deployment/amplify-cfn-templates/function/RoomFunction-cloudformation-template.json",
        "logicalId": "functionRoomFunction"
      },
      "s3Bucket": {
        "deploymentBucketName": "amplify-healthsystem-dev-212451-deployment",
        "s3Key": "amplify-builds/RoomFunction-50676776477441676a37-build.zip"
      },
      "lastBuildTimeStamp": "2024-02-19T12:29:27.933Z",
      "lastBuildType": "PROD",
      "lastPackageTimeStamp": "2024-02-19T12:29:46.911Z",
      "distZipFilename": "RoomFunction-50676776477441676a37-build.zip",
      "lastPushDirHash": "aXsGTz+Y6eccwetHvwsldu77New="
    },
    "ScheduleItemFunction": {
      "build": true,
      "providerPlugin": "awscloudformation",
      "service": "Lambda",
      "output": {
        "LambdaExecutionRoleArn": "arn:aws:iam::558099092121:role/healthsystemLambdaRole55d40f12-dev",
        "Region": "eu-west-1",
        "Arn": "arn:aws:lambda:eu-west-1:558099092121:function:ScheduleItemFunction-dev",
        "Name": "ScheduleItemFunction-dev",
        "LambdaExecutionRole": "healthsystemLambdaRole55d40f12-dev"
      },
      "lastPushTimeStamp": "2024-02-19T12:39:07.771Z",
      "providerMetadata": {
        "s3TemplateURL": "https://s3.amazonaws.com/amplify-healthsystem-dev-212451-deployment/amplify-cfn-templates/function/ScheduleItemFunction-cloudformation-template.json",
        "logicalId": "functionScheduleItemFunction"
      },
      "s3Bucket": {
        "deploymentBucketName": "amplify-healthsystem-dev-212451-deployment",
        "s3Key": "amplify-builds/ScheduleItemFunction-2b334568447054476f4d-build.zip"
      },
      "lastBuildTimeStamp": "2024-02-19T12:29:56.085Z",
      "lastBuildType": "PROD",
      "lastPackageTimeStamp": "2024-02-19T12:30:24.531Z",
      "distZipFilename": "ScheduleItemFunction-2b334568447054476f4d-build.zip",
      "lastPushDirHash": "0imAnmqY8aREwIr5QHnO+YGvkAc="
    },
    "ShiftsFunction": {
      "build": true,
      "providerPlugin": "awscloudformation",
      "service": "Lambda",
      "output": {
        "LambdaExecutionRoleArn": "arn:aws:iam::558099092121:role/healthsystemLambdaRolef25f689f-dev",
        "Region": "eu-west-1",
        "Arn": "arn:aws:lambda:eu-west-1:558099092121:function:ShiftsFunction-dev",
        "Name": "ShiftsFunction-dev",
        "LambdaExecutionRole": "healthsystemLambdaRolef25f689f-dev"
      },
      "lastPushTimeStamp": "2024-02-19T12:39:07.771Z",
      "providerMetadata": {
        "s3TemplateURL": "https://s3.amazonaws.com/amplify-healthsystem-dev-212451-deployment/amplify-cfn-templates/function/ShiftsFunction-cloudformation-template.json",
        "logicalId": "functionShiftsFunction"
      },
      "s3Bucket": {
        "deploymentBucketName": "amplify-healthsystem-dev-212451-deployment",
        "s3Key": "amplify-builds/ShiftsFunction-414f6850616458312f56-build.zip"
      },
      "lastBuildTimeStamp": "2024-02-19T12:30:48.864Z",
      "lastBuildType": "PROD",
      "lastPackageTimeStamp": "2024-02-19T12:31:53.337Z",
      "distZipFilename": "ShiftsFunction-414f6850616458312f56-build.zip",
      "lastPushDirHash": "sTcdc3PTBsKGzbF2sIwA/1cL0AE="
    },
    "StaffFunction": {
      "build": true,
      "providerPlugin": "awscloudformation",
      "service": "Lambda",
      "output": {
        "LambdaExecutionRoleArn": "arn:aws:iam::558099092121:role/healthsystemLambdaRole6601acb9-dev",
        "Region": "eu-west-1",
        "Arn": "arn:aws:lambda:eu-west-1:558099092121:function:StaffFunction-dev",
        "Name": "StaffFunction-dev",
        "LambdaExecutionRole": "healthsystemLambdaRole6601acb9-dev"
      },
      "lastPushTimeStamp": "2024-02-19T12:39:07.771Z",
      "providerMetadata": {
        "s3TemplateURL": "https://s3.amazonaws.com/amplify-healthsystem-dev-212451-deployment/amplify-cfn-templates/function/StaffFunction-cloudformation-template.json",
        "logicalId": "functionStaffFunction"
      },
      "s3Bucket": {
        "deploymentBucketName": "amplify-healthsystem-dev-212451-deployment",
        "s3Key": "amplify-builds/StaffFunction-4169724757456f6f5952-build.zip"
      },
      "lastBuildTimeStamp": "2024-02-19T12:32:21.347Z",
      "lastBuildType": "PROD",
      "lastPackageTimeStamp": "2024-02-19T12:32:39.515Z",
      "distZipFilename": "StaffFunction-4169724757456f6f5952-build.zip",
      "lastPushDirHash": "NCBugF6DxBbMSdWbqa6WoKsEvzE="
    },
    "TreatmentCategoryFunction": {
      "build": true,
      "providerPlugin": "awscloudformation",
      "service": "Lambda",
      "output": {
        "LambdaExecutionRoleArn": "arn:aws:iam::558099092121:role/healthsystemLambdaRole5440a3e9-dev",
        "Region": "eu-west-1",
        "Arn": "arn:aws:lambda:eu-west-1:558099092121:function:TreatmentCategoryFunction-dev",
        "Name": "TreatmentCategoryFunction-dev",
        "LambdaExecutionRole": "healthsystemLambdaRole5440a3e9-dev"
      },
      "lastPushTimeStamp": "2024-02-19T12:39:07.771Z",
      "providerMetadata": {
        "s3TemplateURL": "https://s3.amazonaws.com/amplify-healthsystem-dev-212451-deployment/amplify-cfn-templates/function/TreatmentCategoryFunction-cloudformation-template.json",
        "logicalId": "functionTreatmentCategoryFunction"
      },
      "s3Bucket": {
        "deploymentBucketName": "amplify-healthsystem-dev-212451-deployment",
        "s3Key": "amplify-builds/TreatmentCategoryFunction-35794b79654363386f31-build.zip"
      },
      "lastBuildTimeStamp": "2024-02-19T12:32:51.697Z",
      "lastBuildType": "PROD",
      "lastPackageTimeStamp": "2024-02-19T12:33:23.254Z",
      "distZipFilename": "TreatmentCategoryFunction-35794b79654363386f31-build.zip",
      "lastPushDirHash": "EI127CIIfVIZ7HS9QOc+E2mVm+Y="
    },
    "TreatmentFunction": {
      "build": true,
      "providerPlugin": "awscloudformation",
      "service": "Lambda",
      "output": {
        "LambdaExecutionRoleArn": "arn:aws:iam::558099092121:role/healthsystemLambdaRole513a839c-dev",
        "Region": "eu-west-1",
        "Arn": "arn:aws:lambda:eu-west-1:558099092121:function:TreatmentFunction-dev",
        "Name": "TreatmentFunction-dev",
        "LambdaExecutionRole": "healthsystemLambdaRole513a839c-dev"
      },
      "lastPushTimeStamp": "2024-02-19T12:39:07.771Z",
      "providerMetadata": {
        "s3TemplateURL": "https://s3.amazonaws.com/amplify-healthsystem-dev-212451-deployment/amplify-cfn-templates/function/TreatmentFunction-cloudformation-template.json",
        "logicalId": "functionTreatmentFunction"
      },
      "s3Bucket": {
        "deploymentBucketName": "amplify-healthsystem-dev-212451-deployment",
        "s3Key": "amplify-builds/TreatmentFunction-74597943346a5637536d-build.zip"
      },
      "lastBuildTimeStamp": "2024-02-19T12:33:40.386Z",
      "lastBuildType": "PROD",
      "lastPackageTimeStamp": "2024-02-19T12:34:11.325Z",
      "distZipFilename": "TreatmentFunction-74597943346a5637536d-build.zip",
      "lastPushDirHash": "WKIdHUk1kbSazZ8TP95ZOJNCEH0="
    },
    "WardFunction": {
      "build": true,
      "providerPlugin": "awscloudformation",
      "service": "Lambda",
      "output": {
        "LambdaExecutionRoleArn": "arn:aws:iam::558099092121:role/healthsystemLambdaRolef061cc1c-dev",
        "Region": "eu-west-1",
        "Arn": "arn:aws:lambda:eu-west-1:558099092121:function:WardFunction-dev",
        "Name": "WardFunction-dev",
        "LambdaExecutionRole": "healthsystemLambdaRolef061cc1c-dev"
      },
      "lastPushTimeStamp": "2024-02-19T12:39:07.771Z",
      "providerMetadata": {
        "s3TemplateURL": "https://s3.amazonaws.com/amplify-healthsystem-dev-212451-deployment/amplify-cfn-templates/function/WardFunction-cloudformation-template.json",
        "logicalId": "functionWardFunction"
      },
      "s3Bucket": {
        "deploymentBucketName": "amplify-healthsystem-dev-212451-deployment",
        "s3Key": "amplify-builds/WardFunction-564d6963376463354c36-build.zip"
      },
      "lastBuildTimeStamp": "2024-02-19T12:34:28.409Z",
      "lastBuildType": "PROD",
      "lastPackageTimeStamp": "2024-02-19T12:34:58.565Z",
      "distZipFilename": "WardFunction-564d6963376463354c36-build.zip",
      "lastPushDirHash": "lJ2of/twYgu5XwNPkiNX6zEqgwI="
    },
    "WardOrderFunction": {
      "build": true,
      "providerPlugin": "awscloudformation",
      "service": "Lambda",
      "output": {
        "LambdaExecutionRoleArn": "arn:aws:iam::558099092121:role/healthsystemLambdaRole3afd0c30-dev",
        "Region": "eu-west-1",
        "Arn": "arn:aws:lambda:eu-west-1:558099092121:function:WardOrderFunction-dev",
        "Name": "WardOrderFunction-dev",
        "LambdaExecutionRole": "healthsystemLambdaRole3afd0c30-dev"
      },
      "lastPushTimeStamp": "2024-02-19T12:39:07.771Z",
      "providerMetadata": {
        "s3TemplateURL": "https://s3.amazonaws.com/amplify-healthsystem-dev-212451-deployment/amplify-cfn-templates/function/WardOrderFunction-cloudformation-template.json",
        "logicalId": "functionWardOrderFunction"
      },
      "s3Bucket": {
        "deploymentBucketName": "amplify-healthsystem-dev-212451-deployment",
        "s3Key": "amplify-builds/WardOrderFunction-7379622f49316e514278-build.zip"
      },
      "lastBuildTimeStamp": "2024-02-19T12:35:16.756Z",
      "lastBuildType": "PROD",
      "lastPackageTimeStamp": "2024-02-19T12:35:47.241Z",
      "distZipFilename": "WardOrderFunction-7379622f49316e514278-build.zip",
      "lastPushDirHash": "V3EkT0Oy+f3GQjJnlTk9NUjLPgg="
    },
    "BuildingFunction": {
      "build": true,
      "providerPlugin": "awscloudformation",
      "service": "Lambda",
      "lastBuildTimeStamp": "2024-02-19T12:36:04.525Z",
      "lastBuildType": "PROD",
      "lastPackageTimeStamp": "2024-02-19T12:36:23.135Z",
      "distZipFilename": "BuildingFunction-4b2b6868344337534f72-build.zip",
      "s3Bucket": {
        "deploymentBucketName": "amplify-healthsystem-dev-212451-deployment",
        "s3Key": "amplify-builds/BuildingFunction-4b2b6868344337534f72-build.zip"
      },
      "providerMetadata": {
        "s3TemplateURL": "https://s3.amazonaws.com/amplify-healthsystem-dev-212451-deployment/amplify-cfn-templates/function/BuildingFunction-cloudformation-template.json",
        "logicalId": "functionBuildingFunction"
      },
      "lastPushTimeStamp": "2024-02-19T12:39:07.771Z",
      "output": {
        "LambdaExecutionRoleArn": "arn:aws:iam::558099092121:role/healthsystemLambdaRolef8246582-dev",
        "Region": "eu-west-1",
        "Arn": "arn:aws:lambda:eu-west-1:558099092121:function:BuildingFunction-dev",
        "Name": "BuildingFunction-dev",
        "LambdaExecutionRole": "healthsystemLambdaRolef8246582-dev"
      },
      "lastPushDirHash": "2NcUdeJN6EKQOBt6UZBmHUcpcbQ="
    }
  },
  "auth": {
    "healthsystem334c9ea1": {
      "service": "Cognito",
      "providerPlugin": "awscloudformation",
      "dependsOn": [],
      "customAuth": false,
      "frontendAuthConfig": {
        "socialProviders": [],
        "usernameAttributes": [
          "EMAIL"
        ],
        "signupAttributes": [
          "EMAIL"
        ],
        "passwordProtectionSettings": {
          "passwordPolicyMinLength": 8,
          "passwordPolicyCharacters": []
        },
        "mfaConfiguration": "OFF",
        "mfaTypes": [
          "SMS"
        ],
        "verificationMechanisms": [
          "EMAIL"
        ]
      },
      "providerMetadata": {
        "s3TemplateURL": "https://s3.amazonaws.com/amplify-healthsystem-dev-212451-deployment/amplify-cfn-templates/auth/healthsystem334c9ea1-cloudformation-template.json",
        "logicalId": "authhealthsystem334c9ea1"
      },
      "lastPushTimeStamp": "2024-02-19T12:39:07.771Z",
      "output": {
        "UserPoolId": "eu-west-1_Ud2P6007K",
        "AppClientIDWeb": "227m2am5l6bqpmh25juk7kpdli",
        "AppClientID": "3kq0unblqh16u0qmuso3r4eqqb",
        "IdentityPoolId": "eu-west-1:524b6d14-7930-43ec-9d7a-bd029ed1431c",
        "UserPoolArn": "arn:aws:cognito-idp:eu-west-1:558099092121:userpool/eu-west-1_Ud2P6007K",
        "IdentityPoolName": "healthsystem334c9ea1_identitypool_334c9ea1__dev",
        "UserPoolName": "healthsystem334c9ea1_userpool_334c9ea1"
      },
      "lastPushDirHash": "sqBbRqt0sXwUkDcAJYSjdzpasck="
    }
  }
}